Menu Items,Per Serve Size,Energy (kCal),Total fat (g),Sat Fat (g),Trans fat (g),Cholesterols (mg),Sodium (mg),Total carbohydrate (g),Dietary Fiber (g),Total Sugars (g),Added Sugars (g),Protein (g),Food chain,Menu Category,Calories from Fat,Total Fat (% Daily Value),Saturated Fat (% Daily Value),Cholesterol (% Daily Value),Sodium (% Daily Value),Carbohydrates (% Daily Value),Dietary Fiber (% Daily Value),Vitamin A (% Daily Value),Vitamin C (% Daily Value),Calcium (% Daily Value),Iron (% Daily Value)
Egg McMuffin,4.8 oz (136 g),300,13,5,0,260,750,31,4,3,,17,McD,Breakfast,120,20,25,87,31,10,17,10,0,25,15
Egg White Delight,4.8 oz (135 g),250,8,3,0,25,770,30,4,3,,18,McD,Breakfast,70,12,15,8,32,10,17,6,0,25,8
Sausage McMuffin,3.9 oz (111 g),370,23,8,0,45,780,29,4,2,,14,McD,Breakfast,200,35,42,15,33,10,17,8,0,25,10
Sausage McMuffin with Egg,5.7 oz (161 g),450,28,10,0,285,860,30,4,2,,21,McD,Breakfast,250,43,52,95,36,10,17,15,0,30,15
Sausage McMuffin with Egg Whites,5.7 oz (161 g),400,23,8,0,50,880,30,4,2,,21,McD,Breakfast,210,35,42,16,37,10,17,6,0,25,10
Steak & Egg McMuffin,6.5 oz (185 g),430,23,9,1,300,960,31,4,3,,26,McD,Breakfast,210,36,46,100,40,10,18,15,2,30,20
"Bacon, Egg & Cheese Biscuit (Regular Biscuit)",5.3 oz (150 g),460,26,13,0,250,1300,38,2,3,,19,McD,Breakfast,230,40,65,83,54,13,7,10,8,15,15
"Bacon, Egg & Cheese Biscuit (Large Biscuit)",5.8 oz (164 g),520,30,14,0,250,1410,43,3,4,,19,McD,Breakfast,270,47,68,83,59,14,12,15,8,20,20
"Bacon, Egg & Cheese Biscuit with Egg Whites (Regular Biscuit)",5.4 oz (153 g),410,20,11,0,35,1300,36,2,3,,20,McD,Breakfast,180,32,56,11,54,12,7,2,8,15,10
"Bacon, Egg & Cheese Biscuit with Egg Whites (Large Biscuit)",5.9 oz (167 g),470,25,12,0,35,1420,42,3,4,,20,McD,Breakfast,220,38,59,11,59,14,12,6,8,15,15
Sausage Biscuit (Regular Biscuit),4.1 oz (117 g),430,27,12,0,30,1080,34,2,2,,11,McD,Breakfast,240,42,62,10,45,11,6,0,0,6,15
Sausage Biscuit (Large Biscuit),4.6 oz (131 g),480,31,13,0,30,1190,39,3,3,,11,McD,Breakfast,280,48,65,10,50,13,11,4,0,8,15
Sausage Biscuit with Egg (Regular Biscuit),5.7 oz (163 g),510,33,14,0,250,1170,36,2,2,,18,McD,Breakfast,290,50,71,83,49,12,6,6,0,10,20
Sausage Biscuit with Egg (Large Biscuit),6.2 oz (177 g),570,37,15,0,250,1280,42,3,3,,18,McD,Breakfast,330,57,74,83,53,14,11,10,0,10,20
Sausage Biscuit with Egg Whites (Regular Biscuit),5.9 oz (167 g),460,27,12,0,35,1180,34,2,3,,18,McD,Breakfast,250,42,62,11,49,11,6,0,0,8,15
Sausage Biscuit with Egg Whites (Large Biscuit),6.4 oz (181 g),520,32,13,0,35,1290,40,3,3,,18,McD,Breakfast,280,49,65,11,54,13,11,4,0,8,15
Southern Style Chicken Biscuit (Regular Biscuit),5 oz (143 g),410,20,8,0,30,1180,41,2,3,,17,McD,Breakfast,180,31,41,10,49,14,6,0,2,6,15
Southern Style Chicken Biscuit (Large Biscuit),5.5 oz (157 g),470,24,9,0,30,1290,46,3,4,,17,McD,Breakfast,220,37,45,10,54,15,11,4,2,8,15
Steak & Egg Biscuit (Regular Biscuit),7.1 oz (201 g),540,32,16,1,280,1470,38,2,3,,25,McD,Breakfast,290,49,78,93,61,13,8,10,2,20,25
"Bacon, Egg & Cheese McGriddles",6.1 oz (174 g),460,21,9,0,250,1250,48,2,15,,19,McD,Breakfast,190,32,44,84,52,16,9,10,10,20,15
"Bacon, Egg & Cheese McGriddles with Egg Whites",6.3 oz (178 g),400,15,7,0,35,1250,47,2,16,,20,McD,Breakfast,140,24,34,11,52,16,9,2,10,15,10
Sausage McGriddles,5 oz (141 g),420,22,8,0,35,1030,44,2,15,,11,McD,Breakfast,200,34,40,11,43,15,8,0,0,8,10
"Sausage, Egg & Cheese McGriddles",7.1 oz (201 g),550,31,12,0,265,1320,48,2,15,,20,McD,Breakfast,280,48,61,89,55,16,9,10,0,20,15
"Sausage, Egg & Cheese McGriddles with Egg Whites",7.2 oz (205 g),500,26,10,0,50,1320,46,2,15,,21,McD,Breakfast,230,40,52,17,55,15,9,2,0,20,10
"Bacon, Egg & Cheese Bagel",6.9 oz (197 g),620,31,11,0.5,275,1480,57,3,7,,30,McD,Breakfast,280,48,56,92,62,19,11,20,15,20,20
"Bacon, Egg & Cheese Bagel with Egg Whites",7.1 oz (201 g),570,25,9,0.5,60,1480,55,3,8,,30,McD,Breakfast,230,39,45,20,62,18,12,10,15,20,15
"Steak, Egg & Cheese Bagel",8.5 oz (241 g),670,35,13,1.5,295,1510,56,3,7,,33,McD,Breakfast,310,53,63,99,63,19,12,20,4,25,25
Big Breakfast (Regular Biscuit),9.5 oz (269 g),740,48,17,0,555,1560,51,3,3,,28,McD,Breakfast,430,73,87,185,65,17,12,15,2,15,25
Big Breakfast (Large Biscuit),10 oz (283 g),800,52,18,0,555,1680,56,4,3,,28,McD,Breakfast,470,80,90,185,70,19,17,15,2,15,30
Big Breakfast with Egg Whites (Regular Biscuit),9.6 oz (272 g),640,37,14,0,35,1590,50,3,3,,26,McD,Breakfast,330,57,69,12,66,17,12,0,2,10,15
Big Breakfast with Egg Whites (Large Biscuit),10.1 oz (286 g),690,41,14,0,35,1700,55,4,4,,26,McD,Breakfast,370,63,72,12,71,18,17,4,2,10,15
Big Breakfast with Hotcakes (Regular Biscuit),14.8 oz (420 g),1090,56,19,0,575,2150,111,6,17,,36,McD,Breakfast,510,87,96,192,90,37,23,15,2,25,40
Big Breakfast with Hotcakes (Large Biscuit),15.3 oz (434 g),1150,60,20,0,575,2260,116,7,17,,36,McD,Breakfast,540,93,100,192,94,39,28,15,2,30,40
Big Breakfast with Hotcakes and Egg Whites (Regular Biscuit),14.9 oz (423 g),990,46,16,0,55,2170,110,6,17,,35,McD,Breakfast,410,70,78,19,91,37,23,0,2,25,30
Big Breakfast with Hotcakes and Egg Whites (Large Biscuit),15.4 oz (437 g),1050,50,16,0,55,2290,115,7,18,,35,McD,Breakfast,450,77,81,19,95,38,28,4,2,25,30
Hotcakes,5.3 oz (151 g),350,9,2,0,20,590,60,3,14,,8,McD,Breakfast,80,13,9,7,24,20,10,0,0,15,15
Hotcakes and Sausage,6.8 oz (192 g),520,24,7,0,50,930,61,3,14,,15,McD,Breakfast,210,37,36,17,39,20,10,0,0,15,15
Sausage Burrito,3.9 oz (111 g),300,16,7,0,115,790,26,1,2,,12,McD,Breakfast,150,25,33,38,33,9,5,10,2,15,15
Hash Brown,2 oz (56 g),150,9,1.5,0,0,310,15,2,0,,1,McD,Breakfast,80,14,6,0,13,5,6,0,2,0,2
Cinnamon Melts,4 oz (114 g),460,19,9,0,15,370,66,3,32,,6,McD,Breakfast,170,30,43,5,15,22,11,4,0,6,15
Fruit & Maple Oatmeal,9.6 oz (251 g),290,4,1.5,0,5,160,58,5,32,,5,McD,Breakfast,35,6,8,2,7,19,19,2,130,10,10
Fruit & Maple Oatmeal without Brown Sugar,9.6 oz (251 g),260,4,1.5,0,5,115,49,5,18,,5,McD,Breakfast,40,6,8,2,5,16,22,2,130,6,10
Big Mac,7.4 oz (211 g),530,27,10,1,85,960,47,3,9,,24,McD,Beef & Pork,240,42,48,28,40,16,13,6,2,25,25
Quarter Pounder with Cheese,7.1 oz (202 g),520,26,12,1.5,95,1100,41,3,10,,30,McD,Beef & Pork,240,41,61,31,46,14,11,10,2,30,25
Quarter Pounder with Bacon & Cheese,8 oz (227 g),600,29,13,1.5,105,1440,48,3,12,,37,McD,Beef & Pork,260,45,63,34,60,16,12,6,15,25,30
Quarter Pounder with Bacon Habanero Ranch,8.3 oz (235 g),610,31,13,1.5,105,1180,46,3,10,,37,McD,Beef & Pork,280,48,64,35,49,15,14,8,20,25,30
Quarter Pounder Deluxe,8.6 oz (244 g),540,27,11,1.5,85,960,45,3,9,,29,McD,Beef & Pork,250,42,54,28,40,15,13,10,8,25,30
Double Quarter Pounder with Cheese,10 oz (283 g),750,43,19,2.5,160,1280,42,3,10,,48,McD,Beef & Pork,380,66,96,53,53,14,11,10,2,30,35
Hamburger,3.5 oz (98 g),240,8,3,0,30,480,32,1,6,,12,McD,Beef & Pork,70,12,15,10,20,11,6,2,2,10,15
Cheeseburger,4 oz (113 g),290,11,5,0.5,45,680,33,2,7,,15,McD,Beef & Pork,100,18,27,15,28,11,7,6,2,20,15
Double Cheeseburger,5.7 oz (161 g),430,21,10,1,90,1040,35,2,7,,24,McD,Beef & Pork,190,32,52,30,43,12,8,10,2,30,20
Bacon Clubhouse Burger,9.5 oz (270 g),720,40,15,1.5,115,1470,51,4,14,,39,McD,Beef & Pork,360,62,75,38,61,17,14,8,25,30,25
McDouble,5.2 oz (147 g),380,17,8,1,75,840,34,2,7,,22,McD,Beef & Pork,150,26,40,25,35,11,7,6,2,20,20
Bacon McDouble,5.7 oz (161 g),440,22,10,1,90,1110,35,2,7,,27,McD,Beef & Pork,200,34,49,30,46,12,7,6,10,20,20
Daily Double,6.7 oz (190 g),430,22,9,1,80,760,34,2,7,,22,McD,Beef & Pork,200,35,44,27,32,11,8,8,8,20,20
JalapeÃ±o Double,5.6 oz (159 g),430,23,9,1,80,1030,35,2,6,,22,McD,Beef & Pork,210,36,44,27,43,12,7,6,8,20,20
McRib,7.3 oz (208 g),500,26,10,0,70,980,44,3,11,,22,McD,Beef & Pork,240,40,48,23,41,15,10,2,2,15,20
Premium Crispy Chicken Classic Sandwich,7.5 oz (213 g),510,22,3.5,0,45,990,55,3,10,,24,McD,Chicken & Fish,200,33,18,16,41,18,13,4,6,15,20
Premium Grilled Chicken Classic Sandwich,7 oz (200 g),350,9,2,0,65,820,42,3,8,,28,McD,Chicken & Fish,80,13,9,22,34,14,13,4,8,15,20
Premium Crispy Chicken Club Sandwich,8.8 oz (249 g),670,33,9,0,85,1410,58,3,11,,36,McD,Chicken & Fish,300,51,44,29,59,19,14,8,20,30,20
Premium Grilled Chicken Club Sandwich,8.3 oz (235 g),510,20,7,0,105,1250,44,3,9,,40,McD,Chicken & Fish,180,31,36,35,52,15,13,8,20,30,20
Premium Crispy Chicken Ranch BLT Sandwich,8.1 oz (230 g),610,28,6,0,70,1400,57,3,11,,32,McD,Chicken & Fish,250,43,31,24,58,19,13,4,20,15,20
Premium Grilled Chicken Ranch BLT Sandwich,7.6 oz (217 g),450,15,4.5,0,90,1230,43,3,9,,36,McD,Chicken & Fish,130,23,22,30,51,14,13,4,20,15,20
Bacon Clubhouse Crispy Chicken Sandwich,10 oz (284 g),750,38,10,0.5,90,1720,65,4,16,,36,McD,Chicken & Fish,340,59,51,31,72,22,15,8,25,30,15
Bacon Clubhouse Grilled Chicken Sandwich,9.5 oz (270 g),590,25,8,0,110,1560,51,4,14,,40,McD,Chicken & Fish,230,39,42,37,65,17,15,8,30,30,15
Southern Style Crispy Chicken Sandwich,5.6 oz (160 g),430,19,3,0,45,910,43,2,7,,21,McD,Chicken & Fish,170,29,15,14,38,14,7,4,2,15,15
McChicken,5.1 oz (143 g),360,16,3,0,35,800,40,2,5,,14,McD,Chicken & Fish,140,25,15,11,33,13,7,0,2,10,15
Bacon Cheddar McChicken,6 oz (171 g),480,24,7,0,65,1260,43,2,6,,22,McD,Chicken & Fish,220,38,35,21,53,14,8,4,10,20,15
Bacon Buffalo Ranch McChicken,5.7 oz (161 g),430,21,5,0,50,1260,41,2,6,,20,McD,Chicken & Fish,190,32,25,17,53,14,7,2,10,15,15
Buffalo Ranch McChicken,5.2 oz (148 g),360,16,3,0,35,990,40,2,5,,14,McD,Chicken & Fish,150,25,16,11,41,13,7,2,2,15,15
Premium McWrap Chicken & Bacon (Crispy Chicken),11.1 oz (316 g),630,32,9,0.5,80,1540,56,3,7,,32,McD,Chicken & Fish,280,49,45,26,64,19,13,60,20,20,20
Premium McWrap Chicken & Bacon (Grilled Chicken),10.7 oz (302 g),480,19,7,0,95,1370,42,3,6,,36,McD,Chicken & Fish,170,28,36,32,57,14,13,60,25,20,20
Premium McWrap Chicken & Ranch (Crispy Chicken),10.9 oz (310 g),610,31,8,0.5,65,1340,56,3,8,,27,McD,Chicken & Fish,280,47,40,21,56,19,14,60,15,20,20
Premium McWrap Chicken & Ranch (Grilled Chicken),10.5 oz (297 g),450,18,6,0.5,80,1170,42,3,6,,30,McD,Chicken & Fish,160,27,31,27,49,14,14,60,15,15,20
Premium McWrap Southwest Chicken (Crispy Chicken),11.1 oz (314 g),670,33,8,0.5,60,1480,68,5,12,,27,McD,Chicken & Fish,300,51,40,21,62,23,19,60,15,20,20
Premium McWrap Southwest Chicken (Grilled Chicken),11.2 oz (318 g),520,20,6,0,80,1320,55,5,10,,31,McD,Chicken & Fish,180,31,32,27,55,18,20,70,15,20,20
Premium McWrap Chicken Sweet Chili (Crispy Chicken),10.7 oz (304 g),540,23,4.5,0,50,1260,61,3,14,,23,McD,Chicken & Fish,200,35,23,16,52,20,13,60,15,8,20
Premium McWrap Chicken Sweet Chili (Grilled Chicken),10.3 oz (291 g),380,10,3,0,65,1090,47,3,12,,27,McD,Chicken & Fish,90,15,14,22,45,16,13,60,15,8,20
Chicken McNuggets (4 piece),2.3 oz (65 g),190,12,2,0,25,360,12,1,0,,9,McD,Chicken & Fish,110,18,10,9,15,4,2,0,2,0,2
Chicken McNuggets (6 piece),3.4 oz (97 g),280,18,3,0,40,540,18,1,0,,13,McD,Chicken & Fish,160,27,15,13,22,6,4,0,2,2,4
Chicken McNuggets (10 piece),5.7 oz (162 g),470,30,5,0,65,900,30,2,0,,22,McD,Chicken & Fish,270,45,25,22,37,10,6,0,4,2,6
Chicken McNuggets (20 piece),11.4 oz (323 g),940,59,10,0,135,1800,59,3,0,,44,McD,Chicken & Fish,530,91,50,44,75,20,12,0,8,4,10
Chicken McNuggets (40 piece),22.8 oz (646 g),1880,118,20,1,265,3600,118,6,1,,87,McD,Chicken & Fish,1060,182,101,89,150,39,24,0,15,8,25
Filet-O-Fish,5 oz (142 g),390,19,4,0,40,590,39,2,5,,15,McD,Chicken & Fish,170,29,19,14,24,13,7,2,0,15,10
Premium Bacon Ranch Salad (without Chicken),7.9 oz (223 g),140,7,3.5,0,25,300,10,3,4,,9,McD,Salads,70,11,18,9,13,3,12,170,30,15,6
Premium Bacon Ranch Salad with Crispy Chicken,9 oz (255 g),380,21,6,0,70,860,22,2,5,,25,McD,Salads,190,33,29,23,36,7,10,100,25,15,8
Premium Bacon Ranch Salad with Grilled Chicken,8.5 oz (241 g),220,8,4,0,85,690,8,2,4,,29,McD,Salads,80,13,20,29,29,3,10,110,30,15,8
Premium Southwest Salad (without Chicken),8.1 oz (230 g),140,4.5,2,0,10,150,20,6,6,,6,McD,Salads,40,7,9,3,6,7,23,160,25,15,10
Premium Southwest Salad with Crispy Chicken,12.3 oz (348 g),450,22,4.5,0,50,850,42,7,12,,23,McD,Salads,190,33,22,17,35,14,28,170,30,15,15
Premium Southwest Salad with Grilled Chicken,11.8 oz (335 g),290,8,2.5,0,70,680,28,7,10,,27,McD,Salads,80,13,13,23,28,9,28,170,30,15,15
Chipotle BBQ Snack Wrap (Crispy Chicken),4.6 oz (130 g),340,15,4.5,0,30,780,37,1,8,,14,McD,Snacks & Sides,130,23,22,11,33,12,6,4,0,10,10
Chipotle BBQ Snack Wrap (Grilled Chicken),4.3 oz (123 g),260,8,3.5,0,40,700,30,1,7,,16,McD,Snacks & Sides,70,13,18,14,29,10,6,4,2,10,10
Honey Mustard Snack Wrap (Crispy Chicken),4.3 oz (123 g),330,15,4.5,0,35,730,34,1,3,,14,McD,Snacks & Sides,130,23,22,11,30,11,5,2,0,10,10
Honey Mustard Snack Wrap (Grilled Chicken),4.1 oz (116 g),250,8,3.5,0,45,650,27,1,2,,16,McD,Snacks & Sides,70,13,18,14,27,9,5,2,2,10,10
Ranch Snack Wrap (Crispy Chicken),4.5 oz (128 g),360,20,5,0,40,810,32,1,3,,15,McD,Snacks & Sides,180,30,27,13,34,11,5,2,0,10,10
Ranch Snack Wrap (Grilled Chicken),4.3 oz (121 g),280,13,4.5,0,45,720,25,1,2,,16,McD,Snacks & Sides,120,20,22,16,30,8,5,2,2,10,10
Small French Fries,2.6 oz (75 g),230,11,1.5,0,0,130,30,2,0,,2,McD,Snacks & Sides,100,17,8,0,5,10,10,0,30,0,4
Medium French Fries,3.9 oz (111 g),340,16,2.5,0,0,190,44,4,0,,4,McD,Snacks & Sides,140,24,11,0,8,15,14,0,45,2,4
Large French Fries,5.9 oz (168 g),510,24,3.5,0,0,290,67,5,0,,6,McD,Snacks & Sides,220,37,17,0,12,22,22,0,70,2,8
Kids French Fries,1.3 oz (38 g),110,5,1,0,0,65,15,1,0,,1,McD,Snacks & Sides,50,8,4,0,3,5,5,0,15,0,2
Side Salad,3.1 oz (87 g),20,0,0,0,0,10,4,1,2,,1,McD,Snacks & Sides,0,0,0,0,0,1,6,45,25,2,4
Apple Slices,1.2 oz (34 g),15,0,0,0,0,0,4,0,3,,0,McD,Snacks & Sides,0,0,0,0,0,1,0,0,160,2,0
Fruit 'n Yogurt Parfait,5.2 oz (149 g),150,2,1,0,5,70,30,1,23,,4,McD,Snacks & Sides,20,3,5,2,3,10,3,2,15,10,4
Baked Apple Pie,2.7 oz (77 g),250,13,7,0,0,170,32,4,13,,2,McD,Desserts,110,19,35,0,7,11,15,4,25,2,6
Chocolate Chip Cookie,1 cookie (33 g),160,8,3.5,0,10,90,21,1,15,,2,McD,Desserts,70,12,19,3,4,7,3,2,0,2,8
Oatmeal Raisin Cookie,1 cookie (33 g),150,6,2.5,0,10,135,22,1,13,,2,McD,Desserts,50,9,13,3,6,7,3,2,0,2,6
Kids Ice Cream Cone,1 oz (29 g),45,1.5,1,0,5,20,7,0,6,,1,McD,Desserts,10,2,4,2,1,2,0,2,0,4,0
Hot Fudge Sundae,6.3 oz (179 g),330,9,7,0,25,170,53,1,48,,8,McD,Desserts,80,14,34,8,7,18,3,8,0,25,8
Hot Caramel Sundae,6.4 oz (182 g),340,8,5,0,30,150,60,0,43,,7,McD,Desserts,70,12,24,10,6,20,0,10,0,25,0
Strawberry Sundae,6.3 oz (178 g),280,6,4,0,25,85,49,0,45,,6,McD,Desserts,60,10,20,8,4,16,0,8,4,20,0
Coca-Cola Classic (Small),16 fl oz cup,140,0,0,0,0,0,39,0,39,,0,McD,Beverages,0,0,0,0,0,13,0,0,0,0,0
Coca-Cola Classic (Medium),21 fl oz cup,200,0,0,0,0,5,55,0,55,,0,McD,Beverages,0,0,0,0,0,18,0,0,0,0,0
Coca-Cola Classic (Large),30 fl oz cup,280,0,0,0,0,5,76,0,76,,0,McD,Beverages,0,0,0,0,0,25,0,0,0,0,0
Coca-Cola Classic (Child),12 fl oz cup,100,0,0,0,0,0,28,0,28,,0,McD,Beverages,0,0,0,0,0,9,0,0,0,0,0
Diet Coke (Small),16 fl oz cup,0,0,0,0,0,10,0,0,0,,0,McD,Beverages,0,0,0,0,0,0,0,0,0,0,0
Diet Coke (Medium),21 fl oz cup,0,0,0,0,0,20,0,0,0,,0,McD,Beverages,0,0,0,0,1,0,0,0,0,0,0
Diet Coke (Large),30 fl oz cup,0,0,0,0,0,35,0,0,0,,0,McD,Beverages,0,0,0,0,1,0,0,0,0,0,0
Diet Coke (Child),12 fl oz cup,0,0,0,0,0,15,0,0,0,,0,McD,Beverages,0,0,0,0,1,0,0,0,0,0,0
Dr Pepper (Small),16 fl oz cup,140,0,0,0,0,45,37,0,35,,0,McD,Beverages,0,0,0,0,2,12,0,0,0,0,0
Dr Pepper (Medium),21 fl oz cup,190,0,0,0,0,65,53,0,51,,0,McD,Beverages,0,0,0,0,3,18,0,0,0,0,0
Dr Pepper (Large),30 fl oz cup,270,0,0,0,0,90,72,0,70,,0,McD,Beverages,0,0,0,0,4,24,0,0,0,0,0
Dr Pepper (Child),12 fl oz cup,100,0,0,0,0,30,27,0,26,,0,McD,Beverages,0,0,0,0,1,9,0,0,0,0,0
Diet Dr Pepper (Small),16 fl oz cup,0,0,0,0,0,70,0,0,0,,2,McD,Beverages,0,0,0,0,3,0,0,0,0,0,0
Diet Dr Pepper (Medium),21 fl oz cup,0,0,0,0,0,100,0,0,0,,3,McD,Beverages,0,0,0,0,4,0,0,0,0,0,0
Diet Dr Pepper (Large),30 fl oz cup,0,0,0,0,0,140,0,0,0,,4,McD,Beverages,0,0,0,0,6,0,0,0,0,0,0
Diet Dr Pepper (Child),12 fl oz cup,0,0,0,0,0,50,0,0,0,,1,McD,Beverages,0,0,0,0,2,0,0,0,0,0,0
Sprite (Small),16 fl oz cup,140,0,0,0,0,30,37,0,37,,0,McD,Beverages,0,0,0,0,1,12,0,0,0,0,0
Sprite (Medium),21 fl oz cup,200,0,0,0,0,45,54,0,54,,0,McD,Beverages,0,0,0,0,2,18,0,0,0,0,0
Sprite (Large),30 fl oz cup,280,0,0,0,0,60,74,0,74,,0,McD,Beverages,0,0,0,0,3,25,0,0,0,0,0
Sprite (Child),12 fl oz cup,100,0,0,0,0,25,27,0,27,,0,McD,Beverages,0,0,0,0,1,9,0,0,0,0,0
1% Low Fat Milk Jug,1 carton (236 ml),100,2.5,1.5,0,10,125,12,0,12,,8,McD,Beverages,20,4,8,3,5,4,0,10,4,30,0
Fat Free Chocolate Milk Jug,1 carton (236 ml),130,0,0,0,5,135,23,1,22,,9,McD,Beverages,0,0,0,2,6,8,2,10,0,30,8
Minute Maid 100% Apple Juice Box,6 fl oz (177 ml),80,0,0,0,0,15,21,0,19,,0,McD,Beverages,0,0,0,0,1,7,0,0,100,10,0
Minute Maid Orange Juice (Small),12 fl oz cup,150,0,0,0,0,0,34,0,30,,2,McD,Beverages,0,0,0,0,0,11,0,0,130,2,0
Minute Maid Orange Juice (Medium),16 fl oz cup,190,0,0,0,0,0,44,0,39,,3,McD,Beverages,0,0,0,0,0,15,0,0,160,4,0
Minute Maid Orange Juice (Large),22 fl oz cup,280,0,0,0,0,5,65,0,58,,4,McD,Beverages,0,0,0,0,0,22,0,0,240,4,0
Dasani Water Bottle,16.9 fl oz,0,0,0,0,0,0,0,0,0,,0,McD,Beverages,0,0,0,0,0,0,0,0,0,0,0
Iced Tea (Small),16 fl oz cup,0,0,0,0,0,10,0,0,0,,0,McD,Coffee & Tea,0,0,0,0,0,0,0,0,0,0,0
Iced Tea (Medium),21 fl oz cup,0,0,0,0,0,10,0,0,0,,0,McD,Coffee & Tea,0,0,0,0,0,0,0,0,0,0,0
Iced Tea (Large),30 fl oz cup,0,0,0,0,0,15,0,0,0,,0,McD,Coffee & Tea,0,0,0,0,1,0,0,0,0,0,0
Iced Tea (Child),12 fl oz cup,0,0,0,0,0,5,0,0,0,,0,McD,Coffee & Tea,0,0,0,0,0,0,0,0,0,0,0
Sweet Tea (Small),16 fl oz cup,150,0,0,0,0,10,36,0,36,,1,McD,Coffee & Tea,0,0,0,0,0,12,0,0,0,0,0
Sweet Tea (Medium),21 fl oz cup,180,0,0,0,0,10,45,0,45,,1,McD,Coffee & Tea,0,0,0,0,0,15,0,0,0,0,0
Sweet Tea (Large),30 fl oz cup,220,0,0,0,0,10,54,0,54,,1,McD,Coffee & Tea,0,0,0,0,1,18,0,0,0,0,0
Sweet Tea (Child),12 fl oz cup,110,0,0,0,0,5,27,0,27,,0,McD,Coffee & Tea,0,0,0,0,0,9,0,0,0,0,0
Coffee (Small),12 fl oz cup,0,0,0,0,0,0,0,0,0,,0,McD,Coffee & Tea,0,0,0,0,0,0,0,0,0,0,0
Coffee (Medium),16 fl oz cup,0,0,0,0,0,0,0,0,0,,0,McD,Coffee & Tea,0,0,0,0,0,0,0,0,0,0,0
Coffee (Large),16 fl oz cup,0,0,0,0,0,0,0,0,0,,0,McD,Coffee & Tea,0,0,0,0,0,0,0,0,0,0,0
Latte (Small),12 fl oz cup,170,9,5,0,25,115,15,1,12,,9,McD,Coffee & Tea,80,13,24,9,5,5,3,8,0,30,0
Latte (Medium),16 fl oz cup,210,10,6,0,30,140,18,1,15,,11,McD,Coffee & Tea,90,16,30,11,6,6,4,10,0,35,0
Latte (Large),20 fl oz cup,280,14,8,0,40,180,24,1,20,,15,McD,Coffee & Tea,120,21,39,14,8,8,6,15,0,50,2
Caramel Latte (Small),12 fl oz cup,270,9,5,0,25,115,40,1,38,,9,McD,Coffee & Tea,80,13,24,9,5,13,3,8,0,30,0
Caramel Latte (Medium),16 fl oz cup,340,10,6,0,30,140,50,1,48,,11,McD,Coffee & Tea,90,16,30,11,6,17,4,10,0,35,0
Caramel Latte (Large),20 fl oz cup,430,14,8,0,40,180,62,1,59,,15,McD,Coffee & Tea,120,21,39,14,8,21,6,15,0,50,2
Hazelnut Latte (Small),12 fl oz cup,270,9,5,0,25,115,40,1,38,,9,McD,Coffee & Tea,80,13,24,9,5,13,3,8,0,30,0
Hazelnut Latte (Medium),16 fl oz cup,330,10,6,0,30,140,50,1,47,,11,McD,Coffee & Tea,90,16,30,11,6,17,4,10,0,35,0
Hazelnut Latte (Large),20 fl oz cup,430,14,8,0,40,180,62,1,58,,15,McD,Coffee & Tea,120,21,39,14,8,21,6,15,0,50,2
French Vanilla Latte (Small),12 fl oz cup,260,9,5,0,25,115,38,1,36,,9,McD,Coffee & Tea,80,13,24,9,5,13,3,8,0,30,0
French Vanilla Latte (Medium),16 fl oz cup,330,10,6,0,30,140,48,1,45,,11,McD,Coffee & Tea,90,16,30,11,6,16,4,10,0,35,2
French Vanilla Latte (Large),20 fl oz cup,420,14,8,0,40,190,60,1,56,,15,McD,Coffee & Tea,120,21,39,14,8,20,6,15,0,50,2
Latte with Sugar Free French Vanilla Syrup (Small),12 fl oz cup,210,9,5,0,25,150,24,1,12,,9,McD,Coffee & Tea,80,13,24,9,6,8,4,8,0,30,0
Latte with Sugar Free French Vanilla Syrup (Medium),16 fl oz cup,260,10,6,0,30,190,29,1,15,,12,McD,Coffee & Tea,90,16,30,11,8,10,5,10,0,35,0
Latte with Sugar Free French Vanilla Syrup (Large),20 fl oz cup,330,14,8,0,40,240,37,2,20,,15,McD,Coffee & Tea,120,21,39,14,10,12,7,15,0,50,2
Nonfat Latte (Small),12 fl oz cup,100,0,0,0,5,110,15,1,13,,10,McD,Coffee & Tea,0,0,0,2,5,5,3,10,0,30,0
Nonfat Latte (Medium),16 fl oz cup,130,0,0,0,5,135,19,1,16,,12,McD,Coffee & Tea,0,0,0,2,6,6,4,15,0,40,0
Nonfat Latte (Large),20 fl oz cup,170,0.5,0,0,10,180,25,1,21,,16,McD,Coffee & Tea,0,1,0,3,7,8,6,15,0,50,2
Nonfat Caramel Latte (Small),12 fl oz cup,200,0,0,0,5,110,41,1,39,,10,McD,Coffee & Tea,0,0,0,2,5,14,3,10,0,30,0
Nonfat Caramel Latte (Medium),16 fl oz cup,250,0,0,0,5,135,51,1,48,,12,McD,Coffee & Tea,0,0,0,2,6,17,4,15,0,40,0
Nonfat Caramel Latte (Large),20 fl oz cup,310,0.5,0,0,10,180,63,1,59,,16,McD,Coffee & Tea,0,1,0,3,7,21,6,15,0,50,2
Nonfat Hazelnut Latte (Small),12 fl oz cup,200,0,0,0,5,110,40,1,38,,10,McD,Coffee & Tea,0,0,0,2,5,13,3,10,0,30,0
Nonfat Hazelnut Latte (Medium),16 fl oz cup,250,0,0,0,5,135,51,1,48,,12,McD,Coffee & Tea,0,0,0,2,6,17,4,15,0,40,0
Nonfat Hazelnut Latte (Large),20 fl oz cup,310,0.5,0,0,10,180,63,1,59,,16,McD,Coffee & Tea,0,1,0,3,7,21,6,15,0,50,2
Nonfat French Vanilla Latte (Small),12 fl oz cup,190,0,0,0,5,115,39,1,37,,10,McD,Coffee & Tea,0,0,0,2,5,13,3,10,0,30,0
Nonfat French Vanilla Latte (Medium),16 fl oz cup,240,0,0,0,5,140,49,1,46,,12,McD,Coffee & Tea,0,0,0,2,6,16,4,15,0,40,2
Nonfat French Vanilla Latte (Large),20 fl oz cup,300,0.5,0,0,10,180,60,1,56,,16,McD,Coffee & Tea,0,1,0,3,8,20,6,15,0,50,2
Nonfat Latte with Sugar Free French Vanilla Syrup (Small),12 fl oz cup,140,0,0,0,5,150,24,1,13,,10,McD,Coffee & Tea,0,0,0,2,6,8,4,10,0,30,0
Nonfat Latte with Sugar Free French Vanilla Syrup (Medium),16 fl oz cup,170,0,0,0,5,180,30,1,16,,12,McD,Coffee & Tea,0,0,0,2,8,10,5,15,0,40,0
Nonfat Latte with Sugar Free French Vanilla Syrup (Large),20 fl oz cup,220,0.5,0,0,10,240,38,2,21,,16,McD,Coffee & Tea,0,1,0,3,10,13,7,15,0,50,2
Mocha (Small),12 fl oz cup,340,11,7,0,35,150,49,2,42,,10,McD,Coffee & Tea,100,18,34,12,6,16,6,10,0,30,6
Mocha (Medium),16 fl oz cup,410,14,8,0,40,190,60,2,53,,13,McD,Coffee & Tea,120,21,40,14,8,20,8,10,0,40,6
Mocha (Large),20 fl oz cup,500,17,10,0.5,50,240,72,2,63,,16,McD,Coffee & Tea,150,26,49,17,10,24,10,15,0,50,8
Mocha with Nonfat Milk (Small),12 fl oz cup,270,3.5,2,0,15,150,49,2,43,,11,McD,Coffee & Tea,30,5,11,5,6,16,6,10,0,35,6
Mocha with Nonfat Milk (Medium),16 fl oz cup,330,3.5,2,0,15,190,60,2,53,,13,McD,Coffee & Tea,30,6,11,5,8,20,8,15,0,40,6
Mocha with Nonfat Milk (Large),20 fl oz cup,390,4,2.5,0,20,240,73,2,64,,17,McD,Coffee & Tea,35,6,12,6,10,24,10,20,0,50,8
Caramel Mocha (Small),12 fl oz cup,320,11,7,0,35,170,45,1,40,,10,McD,Coffee & Tea,100,17,33,12,7,15,3,10,0,30,2
Caramel Mocha (Medium),16 fl oz cup,390,14,8,0.5,40,220,55,1,50,,12,McD,Coffee & Tea,120,21,40,14,9,18,4,15,0,40,2
Caramel Mocha (Large),20 fl oz cup,480,17,10,0.5,50,270,66,1,60,,16,McD,Coffee & Tea,150,26,49,17,11,22,5,15,0,50,4
Nonfat Caramel Mocha (Small),12 fl oz cup,250,3.5,2,0,15,170,45,1,41,,10,McD,Coffee & Tea,30,5,10,5,7,15,3,10,0,35,2
Nonfat Caramel Mocha (Medium),16 fl oz cup,310,3.5,2,0,15,210,56,1,51,,13,McD,Coffee & Tea,30,5,11,5,9,19,4,15,0,40,2
Nonfat Caramel Mocha (Large),20 fl oz cup,370,3.5,2.5,0,20,270,67,1,61,,17,McD,Coffee & Tea,35,6,11,6,11,22,5,20,0,50,4
Hot Chocolate (Small),12 fl oz cup,360,13,8,0,40,180,50,1,45,,11,McD,Coffee & Tea,120,21,39,14,8,17,3,10,0,40,6
Hot Chocolate (Medium),16 fl oz cup,440,16,9,0.5,50,220,61,1,56,,14,McD,Coffee & Tea,140,25,47,16,9,20,4,15,0,45,6
Hot Chocolate (Large),20 fl oz cup,540,20,12,0.5,60,280,73,1,68,,17,McD,Coffee & Tea,180,31,58,20,12,24,5,20,0,60,8
Hot Chocolate with Nonfat Milk (Small),12 fl oz cup,280,3.5,2,0,15,180,50,1,46,,12,McD,Coffee & Tea,30,5,11,5,7,17,3,15,0,40,6
Hot Chocolate with Nonfat Milk (Medium),16 fl oz cup,340,3.5,2,0,15,220,61,1,57,,14,McD,Coffee & Tea,30,5,11,6,9,20,4,20,0,50,6
Hot Chocolate with Nonfat Milk (Large),20 fl oz cup,400,3.5,2.5,0,20,280,74,1,69,,19,McD,Coffee & Tea,35,6,12,7,12,25,5,25,0,60,8
Regular Iced Coffee (Small),16 fl oz cup,140,4.5,3,0,15,35,23,0,22,,1,McD,Coffee & Tea,40,7,15,6,1,8,0,4,0,4,0
Regular Iced Coffee (Medium),22 fl oz cup,190,7,4.5,0,25,50,31,0,30,,1,McD,Coffee & Tea,60,11,22,9,2,10,0,4,0,4,0
Regular Iced Coffee (Large),32 fl oz cup,270,9,6,0,35,75,47,0,45,,2,McD,Coffee & Tea,80,14,29,12,3,16,0,6,0,8,0
Caramel Iced Coffee (Small),16 fl oz cup,130,4.5,3,0,15,35,22,0,21,,1,McD,Coffee & Tea,40,7,15,6,2,7,0,4,0,4,0
Caramel Iced Coffee (Medium),22 fl oz cup,180,7,4.5,0,25,50,29,0,28,,1,McD,Coffee & Tea,60,11,22,9,2,10,0,4,0,4,0
Caramel Iced Coffee (Large),32 fl oz cup,260,9,6,0,35,65,43,0,42,,2,McD,Coffee & Tea,80,14,29,12,3,14,0,6,0,6,0
Hazelnut Iced Coffee (Small),16 fl oz cup,130,4.5,3,0,15,35,21,0,20,,1,McD,Coffee & Tea,40,7,15,6,1,7,0,4,0,4,0
Hazelnut Iced Coffee (Medium),22 fl oz cup,180,7,4.5,0,25,50,29,0,28,,1,McD,Coffee & Tea,60,11,22,9,2,10,0,4,0,4,0
Hazelnut Iced Coffee (Large),32 fl oz cup,250,9,6,0,35,75,43,0,41,,2,McD,Coffee & Tea,80,14,29,12,3,14,0,6,0,8,0
French Vanilla Iced Coffee (Small),16 fl oz cup,120,4.5,3,0,15,40,20,0,19,,1,McD,Coffee & Tea,40,7,15,6,2,7,0,4,0,4,0
French Vanilla Iced Coffee (Medium),22 fl oz cup,170,7,4.5,0,25,55,27,0,26,,1,McD,Coffee & Tea,60,11,22,9,2,9,0,4,0,4,0
French Vanilla Iced Coffee (Large),32 fl oz cup,240,9,6,0,35,80,41,0,39,,2,McD,Coffee & Tea,80,14,29,12,3,14,0,6,0,8,0
Iced Coffee with Sugar Free French Vanilla Syrup (Small),16 fl oz cup,80,4.5,3,0,15,65,9,0,1,,1,McD,Coffee & Tea,40,7,15,6,3,3,0,4,0,4,0
Iced Coffee with Sugar Free French Vanilla Syrup (Medium),22 fl oz cup,120,7,4.5,0,25,90,12,0,2,,1,McD,Coffee & Tea,60,11,22,9,4,4,0,4,0,4,0
Iced Coffee with Sugar Free French Vanilla Syrup (Large),32 fl oz cup,160,9,6,0,35,135,18,0,2,,2,McD,Coffee & Tea,80,14,29,12,6,6,0,6,0,8,0
Iced Mocha (Small),12 fl oz cup,290,11,7,0,35,125,41,1,34,,8,McD,Coffee & Tea,100,17,33,12,5,14,4,10,0,25,4
Iced Mocha (Medium),16 fl oz cup,350,13,8,0,40,150,50,1,43,,9,McD,Coffee & Tea,110,19,38,13,6,17,5,10,0,30,6
Iced Mocha (Large),22 fl oz cup,480,16,10,0.5,50,220,70,2,62,,14,McD,Coffee & Tea,150,25,49,17,9,23,8,15,0,40,8
Iced Mocha with Nonfat Milk (Small),12 fl oz cup,240,5,3,0,20,125,41,1,35,,8,McD,Coffee & Tea,45,8,16,7,5,14,4,10,0,25,4
Iced Mocha with Nonfat Milk (Medium),16 fl oz cup,290,5,3.5,0,20,150,50,1,43,,10,McD,Coffee & Tea,45,8,17,7,6,17,5,15,0,30,6
Iced Mocha with Nonfat Milk (Large),22 fl oz cup,390,6,3.5,0,25,220,71,2,62,,14,McD,Coffee & Tea,50,9,18,8,9,24,8,20,0,45,8
Iced Caramel Mocha (Small),12 fl oz cup,280,11,7,0,35,140,38,0,33,,8,McD,Coffee & Tea,100,17,33,12,6,13,0,10,0,25,2
Iced Caramel Mocha (Medium),16 fl oz cup,340,13,7,0,40,170,46,1,41,,9,McD,Coffee & Tea,110,19,37,13,7,15,2,10,0,30,2
Iced Caramel Mocha (Large),22 fl oz cup,460,16,10,0.5,50,250,65,1,59,,13,McD,Coffee & Tea,150,25,48,17,10,22,3,15,0,40,4
Iced Nonfat Caramel Mocha (Small),12 fl oz cup,230,5,3,0,20,140,38,0,33,,8,McD,Coffee & Tea,45,8,16,7,6,13,0,10,0,25,2
Iced Nonfat Caramel Mocha (Medium),16 fl oz cup,270,5,3,0,20,170,47,1,41,,10,McD,Coffee & Tea,45,8,16,7,7,16,2,15,0,30,2
Iced Nonfat Caramel Mocha (Large),22 fl oz cup,370,6,3.5,0,25,250,65,1,59,,14,McD,Coffee & Tea,50,8,17,8,10,22,3,20,0,45,4
FrappÃ© Mocha (Small),12 fl oz cup,450,18,12,1,65,125,65,1,57,,7,McD,Coffee & Tea,160,28,59,21,5,22,3,15,0,20,4
FrappÃ© Mocha (Medium),16 fl oz cup,550,22,14,1,75,160,80,1,71,,9,McD,Coffee & Tea,200,34,71,25,7,27,4,15,0,25,4
FrappÃ© Mocha (Large),22 fl oz cup,670,26,17,1,90,190,98,1,88,,11,McD,Coffee & Tea,240,41,85,30,8,33,4,20,0,35,4
FrappÃ© Caramel (Small),12 fl oz cup,450,19,12,1,65,125,64,0,57,,7,McD,Coffee & Tea,170,29,60,22,5,21,0,15,0,25,2
FrappÃ© Caramel (Medium),16 fl oz cup,550,23,15,1,80,160,79,0,71,,9,McD,Coffee & Tea,200,35,73,27,7,26,0,20,0,30,2
FrappÃ© Caramel (Large),22 fl oz cup,670,27,17,1.5,95,190,96,0,88,,11,McD,Coffee & Tea,250,42,87,32,8,32,0,20,0,35,2
FrappÃ© Chocolate Chip (Small),12 fl oz cup,530,23,14,1,65,135,76,1,67,,8,McD,Coffee & Tea,200,35,72,22,6,25,5,15,0,25,4
FrappÃ© Chocolate Chip (Medium),16 fl oz cup,630,26,17,1,80,160,91,1,81,,9,McD,Coffee & Tea,240,41,85,26,7,30,5,15,0,30,4
FrappÃ© Chocolate Chip (Large),22 fl oz cup,760,31,20,1.5,95,200,111,1,99,,12,McD,Coffee & Tea,280,48,101,32,8,37,5,20,0,35,6
Blueberry Pomegranate Smoothie (Small),12 fl oz cup,220,0.5,0,0,5,40,50,3,44,,2,McD,Smoothies & Shakes,5,1,0,1,2,17,12,0,2,6,2
Blueberry Pomegranate Smoothie (Medium),16 fl oz cup,260,1,0,0,5,50,62,4,54,,3,McD,Smoothies & Shakes,5,1,0,1,2,21,15,0,4,8,2
Blueberry Pomegranate Smoothie (Large),22 fl oz cup,340,1,0.5,0,5,65,79,5,70,,4,McD,Smoothies & Shakes,10,2,3,2,3,26,19,0,4,10,2
Strawberry Banana Smoothie (Small),12 fl oz cup,210,0.5,0,0,5,50,47,3,44,,3,McD,Smoothies & Shakes,5,1,0,1,2,16,10,0,30,8,2
Strawberry Banana Smoothie (Medium),16 fl oz cup,250,1,0,0,5,60,58,3,54,,4,McD,Smoothies & Shakes,5,1,0,1,2,19,13,0,35,8,4
Strawberry Banana Smoothie (Large),22 fl oz cup,330,1,0.5,0,5,80,74,4,70,,5,McD,Smoothies & Shakes,10,2,3,2,3,25,16,0,45,10,4
Mango Pineapple Smoothie (Small),12 fl oz cup,210,0.5,0,0,5,40,50,1,46,,2,McD,Smoothies & Shakes,5,1,0,1,2,17,4,30,20,8,2
Mango Pineapple Smoothie (Medium),16 fl oz cup,260,1,0,0,5,45,61,1,56,,3,McD,Smoothies & Shakes,10,1,0,1,2,20,5,40,25,8,2
Mango Pineapple Smoothie (Large),22 fl oz cup,340,1,0.5,0,5,60,78,2,72,,4,McD,Smoothies & Shakes,10,2,3,2,3,26,6,50,30,10,2
Vanilla Shake (Small),12 fl oz cup,530,15,10,1,60,160,86,0,63,,11,McD,Smoothies & Shakes,140,24,49,20,7,29,0,20,0,40,0
Vanilla Shake (Medium),16 fl oz cup,660,19,12,1,75,200,109,0,81,,14,McD,Smoothies & Shakes,170,29,61,24,9,36,0,25,0,50,0
Vanilla Shake (Large),22 fl oz cup,820,23,15,1,90,260,135,0,101,,18,McD,Smoothies & Shakes,210,35,73,29,11,45,0,30,0,60,0
Strawberry Shake (Small),12 fl oz cup,550,16,10,1,60,160,90,0,79,,12,McD,Smoothies & Shakes,150,25,52,21,7,30,0,20,0,40,0
Strawberry Shake (Medium),16 fl oz cup,690,20,13,1,75,210,114,0,100,,15,McD,Smoothies & Shakes,180,30,63,25,9,38,0,25,0,50,0
Strawberry Shake (Large),22 fl oz cup,850,24,15,1,90,260,140,0,123,,18,McD,Smoothies & Shakes,210,36,75,30,11,47,0,30,0,70,0
Chocolate Shake (Small),12 fl oz cup,560,16,10,1,60,240,91,1,77,,12,McD,Smoothies & Shakes,150,25,51,20,10,30,5,20,0,40,8
Chocolate Shake (Medium),16 fl oz cup,700,20,12,1,75,300,114,2,97,,15,McD,Smoothies & Shakes,180,30,62,24,13,38,6,25,0,50,10
Chocolate Shake (Large),22 fl oz cup,850,23,15,1,85,380,141,2,120,,19,McD,Smoothies & Shakes,210,36,74,29,16,47,8,30,0,60,15
Shamrock Shake (Medium),16 fl oz cup,660,19,12,1,75,210,109,0,93,,14,McD,Smoothies & Shakes,170,29,61,24,9,36,0,25,0,50,0
Shamrock Shake (Large),22 fl oz cup,820,23,15,1,90,260,135,0,115,,18,McD,Smoothies & Shakes,210,35,73,29,11,45,0,30,0,60,0
McFlurry with M&Mâ€™s Candies (Small),10.9 oz (310 g),650,23,14,0.5,50,180,96,1,89,,13,McD,Smoothies & Shakes,210,35,72,17,7,32,6,15,0,45,8
McFlurry with M&Mâ€™s Candies (Medium),16.2 oz (460 g),930,33,20,1,75,260,139,2,128,,20,McD,Smoothies & Shakes,290,50,102,25,11,46,7,25,0,70,10
McFlurry with M&Mâ€™s Candies (Snack),7.3 oz (207 g),430,15,10,0,35,120,64,1,59,,9,McD,Smoothies & Shakes,140,24,48,11,5,21,4,10,0,30,4
McFlurry with Oreo Cookies (Small),10.1 oz (285 g),510,17,9,0.5,45,280,80,1,64,,12,McD,Smoothies & Shakes,150,26,44,14,12,27,4,15,0,40,8
McFlurry with Oreo Cookies (Medium),13.4 oz (381 g),690,23,12,1,55,380,106,1,85,,15,McD,Smoothies & Shakes,200,35,58,19,16,35,5,20,0,50,10
McFlurry with Oreo Cookies (Snack),6.7 oz (190 g),340,11,6,0,30,190,53,1,43,,8,McD,Smoothies & Shakes,100,17,29,9,8,18,2,10,0,25,6
McFlurry with Reese's Peanut Butter Cups (Medium),14.2 oz (403 g),810,32,15,1,60,400,114,2,103,,21,McD,Smoothies & Shakes,290,50,76,20,17,38,9,20,0,60,6
McFlurry with Reese's Peanut Butter Cups (Snack),7.1 oz (202 g),410,16,8,0,30,200,57,1,51,,10,McD,Smoothies & Shakes,150,25,38,10,8,19,5,10,0,30,4
McVeggieâ„¢ Burger,168 g,402.05,13.83,5.34,0.16,2.49,706.13,56.54,0,7.9,4.49,10.24,McD,Regular Menu,,,,,,,,,,,
McAloo Tikki BurgerÂ®,146 g,339.52,11.31,4.27,0.2,1.47,545.34,50.27,0,7.05,4.07,8.5,McD,Regular Menu,,,,,,,,,,,
McSpicyâ„¢ Paneer Burger,199 g,652.76,39.45,17.12,0.18,21.85,1074.58,52.33,0,8.35,5.27,20.29,McD,Regular Menu,,,,,,,,,,,
Spicy Paneer Wrap,250 g,674.68,39.1,19.73,0.26,40.93,1087.46,59.27,0,3.5,1.08,20.96,McD,Regular Menu,,,,,,,,,,,
American Veg Burger,177 g,512.17,23.45,10.51,0.17,25.24,1051.24,56.96,0,7.85,4.76,15.3,McD,Regular Menu,,,,,,,,,,,
Veg Maharaja Mac,306 g,832.67,37.94,16.83,0.28,36.19,1529.22,93.84,0,11.52,6.92,24.17,McD,Regular Menu,,,,,,,,,,,
Green Chilli Aloo Naan,132 g,356.09,15.08,6.11,0.24,9.45,579.6,46.36,0,4.53,1.15,7.91,McD,Regular Menu,,,,,,,,,,,
Pizza Puff,87 g,228.21,11.44,5.72,0.09,5.17,390.74,24.79,0,2.73,0.35,5.45,McD,Regular Menu,,,,,,,,,,,
Mc chicken Burger,173 g,400.8,15.7,5.47,0.16,31.17,766.33,47.98,0,5.53,4.49,15.66,McD,Regular Menu,,,,,,,,,,,
FILLET-O-FISH Burger,136 g,348.11,14.16,5.79,0.21,32.83,530.54,38.85,0,5.58,3.54,15.44,McD,Regular Menu,,,,,,,,,,,
Mc Spicy Chicken Burger,186 g,451.92,19.36,7.63,0.18,66.04,928.52,46.08,0,5.88,4.49,21.46,McD,Regular Menu,,,,,,,,,,,
Spicy Chicken Wrap,257 g,567.19,26.89,12.54,0.27,87.63,1152.38,57.06,0,2.52,1.08,23.74,McD,Regular Menu,,,,,,,,,,,
Chicken Maharaja Mac,296 g,689.12,36.69,10.33,0.25,81.49,1854.71,55.39,0,8.92,6.14,34,McD,Regular Menu,,,,,,,,,,,
American Chicken Burger,165 g,446.95,22.94,7.28,0.15,47.63,1132.3,38.54,0,7.48,4.76,20.29,McD,Regular Menu,,,,,,,,,,,
Chicken Kebab Burger,138 g,357.05,14.02,4.84,0.13,1.51,548.79,47.9,0,5.08,3.49,8.64,McD,Regular Menu,,,,,,,,,,,
Green Chilli Kebab naan,138 g,230.95,9.32,3.27,0.19,8.74,410.78,31.06,0,3.64,1.15,5.67,McD,Regular Menu,,,,,,,,,,,
Mc Egg Masala Burger,126.2 g,290.42,12.27,3.64,0.11,213.09,757.91,32.89,0,4.89,3.64,12.45,McD,Regular Menu,,,,,,,,,,,
Mc Egg Burger for Happy Meal,123 g,282.98,12.21,3.63,0.11,213.09,399.41,31.32,0,4.66,3.64,12.29,McD,Regular Menu,,,,,,,,,,,
Ghee Rice with Mc Spicy Fried Chicken 1 pc,325 g,720.3,29.2,5.08,0.3,31.32,2399.49,77.47,0,3.28,0.35,26.91,McD,Regular Menu,,,,,,,,,,,
McSpicy Fried Chicken 1 pc,115 g,248.76,14.29,2.82,0.06,31.11,873.89,12.7,0,0.58,0,17.33,McD,Regular Menu,,,,,,,,,,,
4 piece Chicken McNuggets,64 g,169.68,9.54,4.45,0.06,24.66,313.25,10.5,0,0.32,0,10.03,McD,Regular Menu,,,,,,,,,,,
6 piece Chicken McNuggets,96 g,254.52,14.3,6.68,0.1,36.99,469.87,15.74,0,0.48,0,15.04,McD,Regular Menu,,,,,,,,,,,
9 piece Chicken McNuggets,144 g,381.77,21.46,10.02,0.14,55.48,704.81,23.62,0,0.72,0,22.56,McD,Regular Menu,,,,,,,,,,,
2 piece Chicken Strips,58 g,164.44,12.38,11.41,0.06,30.1,477.22,2.68,0,0.29,0,10.17,McD,Regular Menu,,,,,,,,,,,
3 piece Chicken Strips,87 g,246.65,18.57,17.12,0.09,45.15,715.83,4.02,0,0.44,0,15.26,McD,Regular Menu,,,,,,,,,,,
5 piece Chicken Strips,145 g,411.09,28.54,0.15,75.26,6.7,1193.05,0.73,0,0.72,0,25.43,McD,Regular Menu,,,,,,,,,,,
Regular Fries,77 g,224.59,10.39,4.97,0.08,0.77,153.15,27.08,0,0.39,0,3.38,McD,Regular Menu,,,,,,,,,,,
Medium Fries,109 g,317.92,14.7,7.04,0.11,1.09,216.79,38.34,0,0.55,0,4.79,McD,Regular Menu,,,,,,,,,,,
Large Fries,154 g,449.17,20.77,9.95,0.15,1.54,306.29,54.16,0,0.77,0,6.76,McD,Regular Menu,,,,,,,,,,,
Regular Wedges,114 g,204.65,7.15,3.39,0.1,0.97,356.44,28.74,0,0.48,0,3.97,McD,Regular Menu,,,,,,,,,,,
Medium Wedges,156 g,280.05,9.79,4.64,0.13,1.33,487.76,39.33,0,0.66,0,5.44,McD,Regular Menu,,,,,,,,,,,
Large Wedges,216 g,387.76,13.55,6.43,0.18,1.84,675.35,54.46,0,0.92,0,7.53,McD,Regular Menu,,,,,,,,,,,
L1 Coffee,200 ml,6.8,0,0,0,0,0,1.7,0,0,0,0,McD,Regular Menu,,,,,,,,,,,
L1 Coffee with milk,205 ml,35.8,2,1.2,0.08,6,14,1.6,0,3.45,0,1,McD,Regular Menu,,,,,,,,,,,
Double Chocochips Muffin,80 g,341.68,17.28,7.14,0.08,15.96,313.21,40.13,0,29.44,0,5.13,McD,Regular Menu,,,,,,,,,,,
Vanilla Chocochips Muffin,80 g,329.29,15.46,7.14,0.08,78.52,254.92,40.13,0,29.6,0,4.48,McD,Regular Menu,,,,,,,,,,,
Veg McMuffin,119 g,309.35,11.78,7.29,0.18,25.31,804.63,38.86,0,3.02,0.75,10.22,McD,Breakfast Menu,,,,,,,,,,,
Double Cheese McMuffin,100 g,273.78,12.82,8.84,0.21,37.75,622.95,29,0,2.59,0.75,9.58,McD,Breakfast Menu,,,,,,,,,,,
Spicy Egg McMuffin,123.2 g,278.27,11.81,3.43,0.11,212.61,773.6,31.37,0,2.63,1.05,11.49,McD,Breakfast Menu,,,,,,,,,,,
Sausage Mc Muffin,112 g,281.44,10.81,6.04,0.17,53.02,742.6,28.62,0,2.38,0.75,16.25,McD,Breakfast Menu,,,,,,,,,,,
Sausage Mc Muffin with egg,157 g,290.42,15.94,8.08,0.22,264.8,804.04,28.87,0,2.61,0.75,22.46,McD,Breakfast Menu,,,,,,,,,,,
Hot Cake with maple syrup,142 g,432.98,14.02,7.11,0.32,28.14,615.74,68.01,0,25.72,13.5,8.6,McD,Breakfast Menu,,,,,,,,,,,
Espresso,26.5 ml,12.87,0.03,0.03,0.03,0.27,0.32,2.55,0,0.13,0,0.52,McD,Breakfast Menu,,,,,,,,,,,
Espresso Machiato,76.5 ml,44.98,2.02,1.49,0.08,6.27,26.05,4.97,0,2.5,0,2.09,McD,Breakfast Menu,,,,,,,,,,,
Americano (S),276.5 ml,12.87,0.03,0.03,0.03,0.27,0.32,2.55,0,0.13,0,0.52,McD,Breakfast Menu,,,,,,,,,,,
Americano (R),347.5 ml,23.07,0.05,0.05,0.05,0.48,0.57,4.57,0,0.24,0,0.94,McD,Breakfast Menu,,,,,,,,,,,
Americano (L),455 ml,26.71,0.06,0.06,0.06,0.55,0.65,5.3,0,0.28,0,1.09,McD,Breakfast Menu,,,,,,,,,,,
Cappuccino (S),201.5 ml,125.25,7.01,5.15,0.2,21.27,90.39,11.02,0,8.4,0,6.02,McD,Breakfast Menu,,,,,,,,,,,
Cappuccino (R),297.5 ml,183.61,10.02,7.37,0.3,30.48,129.24,16.67,0,12.05,0,8.79,McD,Breakfast Menu,,,,,,,,,,,
Cappuccino (L),355 ml,219.36,12.03,8.85,0.36,36.55,155.06,19.81,0,14.45,0,10.51,McD,McCafe Menu,,,,,,,,,,,
Latte (S),236.5 ml,147.72,8.41,6.18,0.24,25.47,108.4,12.71,0,10.06,0,7.12,McD,McCafe Menu,,,,,,,,,,,
Latte (R),307.5 ml,190.03,10.42,7.67,0.31,31.68,134.39,17.15,0,12.52,0,9.1,McD,McCafe Menu,,,,,,,,,,,
Latte (L),375 ml,232.2,12.82,9.43,0.38,38.95,165.36,20.77,0,15.4,0,11.14,McD,McCafe Menu,,,,,,,,,,,
Flat White (S),266.5 ml,166.99,9.6,7.06,0.27,29.07,123.84,14.16,0,11.47,0,8.06,McD,McCafe Menu,,,,,,,,,,,
Flat White (R),347.5 ml,215.72,12.02,8.84,0.35,36.48,154.98,19.08,0,14.41,0,10.36,McD,McCafe Menu,,,,,,,,,,,
Flat White (L),405 ml,251.47,14.02,10.31,0.41,42.55,180.8,22.22,0,16.81,0,12.08,McD,McCafe Menu,,,,,,,,,,,
Mocha (S),242.5 ml,185.85,8.2,5.94,0.26,24.43,132.84,22.59,0,17.57,6.08,7.15,McD,McCafe Menu,,,,,,,,,,,
Mocha (R),311.5 ml,244,9.91,7.17,0.34,29.52,168.47,31.72,0,23.56,9.12,8.99,McD,McCafe Menu,,,,,,,,,,,
Mocha (L),377 ml,302.02,12.01,8.67,0.41,35.67,209.09,40.04,0,29.96,12.16,10.88,McD,McCafe Menu,,,,,,,,,,,
Babycino,127 ml,143.5,4.38,3.08,0.15,12.27,96.44,22.85,0,18.53,9.21,3.87,McD,McCafe Menu,,,,,,,,,,,
Hot Chocolate (S),223 ml,239.42,7.77,5.49,0.26,22.03,167.21,37.08,0,30.31,15.29,6.73,McD,McCafe Menu,,,,,,,,,,,
Hot Chocolate (R),259 ml,296.81,8.76,6.13,0.32,24.59,207.09,48.41,0,39.24,21.37,7.7,McD,McCafe Menu,,,,,,,,,,,
Hot Chocolate (L),367 ml,383.29,12.84,9.09,0.43,36.67,273.35,58.43,0,47.96,24.41,11.01,McD,McCafe Menu,,,,,,,,,,,
Premium Dark Hot Chocolate,153 ml,214.21,5.96,4.27,0.15,14.73,68.28,33.04,0,25.73,1.04,6.15,McD,McCafe Menu,,,,,,,,,,,
Double Dark Hot Chocolate,163 ml,255.78,6.32,4.49,0.16,14.83,70.26,41.29,0,31.81,1.35,6.87,McD,McCafe Menu,,,,,,,,,,,
English Breakfast (S),279 ml,9.93,0.28,0.28,0.28,2.79,13.84,0.28,0,1.4,0,0.56,McD,McCafe Menu,,,,,,,,,,,
English Breakfast (R),330 ml,11.75,0.33,0.33,0.33,3.3,16.37,0.33,0,1.65,0,0.66,McD,McCafe Menu,,,,,,,,,,,
English Breakfast (L),456 ml,16.23,0.46,0.46,0.46,4.56,22.62,0.46,0,2.28,0,0.91,McD,McCafe Menu,,,,,,,,,,,
Moroccon Mint Green Tea (S),279 ml,6.25,0.28,0.28,0.28,2.79,14.95,2.79,0,1.4,0,0.33,McD,McCafe Menu,,,,,,,,,,,
Moroccon Mint Green Tea (R),330 ml,7.39,0.33,0.33,0.33,3.3,17.69,3.3,0,1.65,0,0.4,McD,McCafe Menu,,,,,,,,,,,
Moroccon Mint Green Tea (L),456 ml,10.21,0.46,0.46,0.46,4.56,24.44,4.56,0,2.28,0,0.55,McD,McCafe Menu,,,,,,,,,,,
Strawberry Green Tea (S),279 ml,7.03,0.28,0.28,0.28,2.79,14.54,2.79,0,1.4,0,0.47,McD,McCafe Menu,,,,,,,,,,,
Strawberry Green Tea (R),330 ml,8.32,0.33,0.33,0.33,3.3,17.19,3.3,0,1.65,0,0.56,McD,McCafe Menu,,,,,,,,,,,
Strawberry Green Tea (L),456 ml,11.49,0.46,0.46,0.46,4.56,23.76,4.56,0,2.28,0,0.78,McD,McCafe Menu,,,,,,,,,,,
Lemon Ice Tea,245 ml,121.86,0.17,0.17,0.17,1.65,10.26,30.59,0,26.53,25.6,0.27,McD,McCafe Menu,,,,,,,,,,,
Strawberry Ice Tea,236.5 ml,94.95,0.16,0.16,0.16,1.57,9.72,24.17,0,21.1,20.27,0.24,McD,McCafe Menu,,,,,,,,,,,
Green Apple Ice Tea,236.5 ml,94.94,0.16,0.16,0.16,1.57,9.61,24.17,0,20.75,19.94,0.24,McD,McCafe Menu,,,,,,,,,,,
Iced Coffee,291.5 ml,185.34,4.45,3.26,0.15,12.13,78.35,31.88,0,26.95,17.5,4.36,McD,McCafe Menu,,,,,,,,,,,
Cold Coffee Frappe,296.5 ml,331.17,14.73,13.91,0.16,9.18,188.93,45.39,0,35.57,27.51,4.98,McD,McCafe Menu,,,,,,,,,,,
Mocha Frappe,320.5 ml,397.98,15.01,14,0.2,9.42,233.32,60.93,0,47.55,36.63,5.49,McD,McCafe Menu,,,,,,,,,,,
Chocolate Oreo Frappe,334 ml,481.11,18.89,15.91,0.22,9.36,332.6,72.51,0,55.14,44.35,6.03,McD,McCafe Menu,,,,,,,,,,,
Strawberry Shake,259 ml,255.51,7.44,6.68,0.12,8.39,139.97,44.07,0,37.42,29.8,3.67,McD,McCafe Menu,,,,,,,,,,,
Chocolate Shake,259 ml,270.9,7.7,6.74,0.14,8.39,178.46,46.76,0,37.78,27.88,4.16,McD,McCafe Menu,,,,,,,,,,,
Mango Smoothie,280 ml,231.44,3.63,2.65,0.14,9.89,85.45,46.25,0,38.87,29.72,3.21,McD,McCafe Menu,,,,,,,,,,,
Mixed Berry Smoothie,290 ml,235.43,3.59,2.64,0.15,9.99,92.07,47.16,0,43,33.65,3.33,McD,McCafe Menu,,,,,,,,,,,
Raw Mango Cooler,310 ml,102.38,0.04,0.04,0.04,0.4,102.68,25.18,0,21.06,19.28,0.14,McD,McCafe Menu,,,,,,,,,,,
Mix Berry Cooler,310 ml,103.85,0.04,0.04,0.04,0.4,23.82,25.56,0,21.25,20.52,0.16,McD,McCafe Menu,,,,,,,,,,,
Sweet Lime Beverage,310 ml,128.21,0.08,0,0,0,66.2,31.72,0,28.72,28.08,0.07,McD,McCafe Menu,,,,,,,,,,,
Iced Americano,266.5 ml,150.85,3.57,2.62,0.13,9.76,62.75,26.01,0,21.58,14,3.59,McD,McCafe Menu,,,,,,,,,,,
American Mud Pie Shake,317 ml,398.19,12.77,11.38,0.2,10.89,185.73,64.75,0,53.4,34.35,5.67,McD,McCafe Menu,,,,,,,,,,,
Soft serve cone,81.29 g,85.73,1.82,1.31,0.05,4.75,40.78,15.23,0,10.68,6.99,1.99,McD,McCafe Menu,,,,,,,,,,,
McSwirl ChocoDip,93.29 g,160.14,7.14,5.25,0.07,5.71,51.31,20.92,0,15.39,11.31,2.71,McD,McCafe Menu,,,,,,,,,,,
Regular Soft Serve: Hot Fudge,91.79 g,121.64,4.02,3.01,0.08,5.85,65.56,19.11,0,17.07,10.78,2.25,McD,McCafe Menu,,,,,,,,,,,
Medium Soft Serve: Hot Fudge,132.08 g,197.45,6.87,5.16,0.13,8.55,110.39,30.42,0,27.01,16.9,3.49,McD,McCafe Menu,,,,,,,,,,,
Regular Soft Serve: Strawberry,91.79 g,100.99,1.77,1.3,0.06,4.85,34.51,19.78,0,17.66,12.49,1.54,McD,McCafe Menu,,,,,,,,,,,
Medium Soft Serve: Strawberry,132.08 g,156.14,2.36,1.74,0.1,6.55,48.28,31.77,0,28.2,20.32,2.05,McD,McCafe Menu,,,,,,,,,,,
Regular Soft Serve: Brownie with Hot Fudge,110.79 g,205.26,5.45,3.65,0.1,6.04,100.89,35.26,0,20.75,14.39,3.2,McD,McCafe Menu,,,,,,,,,,,
Medium Soft Serve: Brownie with Hot Fudge,155.08 g,311.39,7.46,4.71,0.13,7.78,146.4,55.24,0,27.94,20.28,4.65,McD,McCafe Menu,,,,,,,,,,,
Regular Blackforest,125.79 g,237.89,5.47,3.66,0.11,6.19,104.47,43.42,0,27.79,19.94,3.22,McD,McCafe Menu,,,,,,,,,,,
Medium Blackforest,200.08 g,429.95,9.76,6.47,0.19,9.23,188.2,79.04,0,48.45,35.22,5.42,McD,McCafe Menu,,,,,,,,,,,
Small McFlurry - Oreo,86.79 g,116.36,3.7,2.25,0.07,4.8,80.73,18.69,0,14.49,10.8,2.05,McD,Desserts Menu,,,,,,,,,,,
Regular McFlurry - Oreo,147.38 g,209.39,6.81,4.07,0.12,8,150.9,33.42,0,25.35,19.23,3.58,McD,Desserts Menu,,,,,,,,,,,
American Triple Cheese Chicken,195 g,457.94,22.65,11.56,0.17,71.23,1396.17,37.45,0,7.64,3.84,24.43,McD,Gourmet Menu,,,,,,,,,,,
American Triple Cheese Veg,207 g,524.69,23.16,14.78,0.19,48.74,1174.27,56.24,0,7.9,3.84,19.54,McD,Gourmet Menu,,,,,,,,,,,
Cheese Lava Burger,240 g,671.06,33.48,14.12,0.21,33.21,1153.99,74.25,0,16.27,10.01,14.99,McD,Gourmet Menu,,,,,,,,,,,
Chicken Cheese Lava Burger,307 g,834.36,45.18,17,0.27,73.11,1745.04,76.03,0,16.75,10.01,27.37,McD,Gourmet Menu,,,,,,,,,,,
Chunky Chipotle American Burger Chicken,301 g,641.36,31.51,9.54,0.26,110.37,1906.27,46.24,0,9.16,6.32,39.47,McD,Gourmet Menu,,,,,,,,,,,
McSpicy Premium Chicken Burger,264.5 g,622.25,34.65,15.55,0.24,302.61,1614.88,43.6,0,6.07,2.64,31.49,McD,Gourmet Menu,,,,,,,,,,,
McSpicy Premium Veg Burger,212.5 g,634.71,39.21,20.46,0.2,43.68,1446.87,46,0,7.57,3.28,22.44,McD,Gourmet Menu,,,,,,,,,,,
Piri piri Mc Spicy Chicken Burger,228 g,443.4,17.3,4.01,0.19,64.19,,43.29,0,9.29,6.32,25.63,McD,Gourmet Menu,,,,,,,,,,,
Piri piri Mc Spicy Veg Burger,211 g,517.98,24.53,6.01,0.18,8.1,1170.89,58.87,0,12.87,6.67,11.97,McD,Gourmet Menu,,,,,,,,,,,
Cheesy Veg Nuggets (6pc),90 g,252.29,13.09,7.53,0.09,20.03,428.17,23.6,0,1.31,0,8.48,McD,Gourmet Menu,,,,,,,,,,,
Cheesy Veg Nuggets (9pc),135 g,378.43,19.63,11.3,0.14,30.05,642.25,35.4,0,1.96,0,12.72,McD,Gourmet Menu,,,,,,,,,,,
Small Coca-Cola,299 ml,109.56,0,0,0,0,21.17,27.39,0,27.39,27.39,0,McD,Beverages Menu,,,,,,,,,,,
Medium Coca-Cola,394 ml,151.36,0,0,0,0,29.24,37.84,0,37.84,37.84,0,McD,Beverages Menu,,,,,,,,,,,
Large Coca-Cola,544 ml,217.36,0,0,0,0,41.99,54.34,0,54.34,54.34,0,McD,Beverages Menu,,,,,,,,,,,
Small Fanta Oragne,299 ml,129.48,0,0,0,0,55.53,32.37,0,32.37,32.37,0,McD,Beverages Menu,,,,,,,,,,,
Medium Fanta Orange,394 ml,178.88,0,0,0,0,76.71,44.72,0,44.72,44.72,0,McD,Beverages Menu,,,,,,,,,,,
Large Fanta Oragne,544 ml,256.88,0,0,0,0,110.16,64.22,0,64.22,64.22,0,McD,Beverages Menu,,,,,,,,,,,
Small Thums-up,299 ml,99.6,0,0,0,0,25.15,24.9,0,24.9,24.9,0,McD,Beverages Menu,,,,,,,,,,,
Medium Thums-up,394 ml,137.6,0,0,0,0,34.74,34.4,0,34.4,34.4,0,McD,Beverages Menu,,,,,,,,,,,
Large Thums-up,544 ml,197.6,0,0,0,0,49.89,49.4,0,49.4,49.4,0,McD,Beverages Menu,,,,,,,,,,,
Small Sprite,299 ml,119.52,0,0,0,0,2.02,29.88,0,29.88,29.88,0,McD,Beverages Menu,,,,,,,,,,,
Medium Sprite,394 ml,165.12,0,0,0,0,2.79,41.28,0,41.28,41.28,0,McD,Beverages Menu,,,,,,,,,,,
Large Sprite,544 ml,237.12,0,0,0,0,4,59.28,0,59.28,59.28,0,McD,Beverages Menu,,,,,,,,,,,
Coke Float,286.79 ml,138.76,1.75,1.28,0.05,4.7,44.53,29.22,0,28.23,24.54,1.52,McD,Beverages Menu,,,,,,,,,,,
Fanta Float,286.79 ml,151.56,1.75,1.28,0.05,4.7,66.61,32.42,0,31.43,27.74,1.52,McD,Beverages Menu,,,,,,,,,,,
Sprite Float,286.79 ml,145.16,1.75,1.28,0.05,4.7,47.09,30.82,0,29.83,26.14,1.52,McD,Beverages Menu,,,,,,,,,,,
Coke Zero Can,330 ml,0.99,0,0,0,0,24.75,0,0,0,0,0,McD,Beverages Menu,,,,,,,,,,,
Vedica Natural Mineral Water,500 ml,0,0,0,0,0,2.9,0,0,0,0,0,McD,Beverages Menu,,,,,,,,,,,
Mustard diping sauce,25 g,81.18,5.57,1.78,0.47,0.29,221.32,7.24,0,6.66,4,0.52,McD,Condiments Menu,,,,,,,,,,,
BBQ diping sauce,25 g,54.89,0.49,0.15,0.04,0.25,113.23,12.36,0,7.65,2.5,0.26,McD,Condiments Menu,,,,,,,,,,,
Chilli Sauce,10 g,8.07,0.01,0.01,0.01,0.1,65.24,1.99,0,1.53,1.34,0.03,McD,Condiments Menu,,,,,,,,,,,
Piri Piri Mix,5 g,17.13,0.36,0.08,0.01,0.05,414.71,2.5,0,0.66,0.4,0.51,McD,Condiments Menu,,,,,,,,,,,
Tomato Ketchup Sachets,8 g,11.23,23.45,0,0.01,0.08,71.05,2.63,0,2.33,1.64,0.08,McD,Condiments Menu,,,,,,,,,,,
Maple Syrup,30 g,86.4,0,0,0,0.3,15,21.6,0,16.2,5.34,0,McD,Condiments Menu,,,,,,,,,,,
Cheese Slice,14 g,51.03,3.99,2.89,0.01,13.43,178.95,0.72,0,0.54,0,3.06,McD,Condiments Menu,,,,,,,,,,,
Sweet Corn,40 g,45.08,1,0.22,0.04,2,0.04,7.55,0,2.54,0,1.47,McD,Condiments Menu,,,,,,,,,,,
Mixed Fruit Beverage,180 ml,72.25,0.02,0.02,0.02,0.01,10.8,18,0,16.83,0,0.65,McD,Condiments Menu,,,,,,,,,,,
Maple Bacon Breakfast Sandwich,284,364.5,16.2,6.9,0.3,217.3,797.9,38.2,0,10.9,,17.9,TIM HORTONS,Breakfast Menu,,,,,,,,,,,
Maple Bacon BELT,,508.5,16.9,7,0.3,216.7,916.1,68.9,0,14.6,,23.3,TIM HORTONS,Breakfast Menu,,,,,,,,,,,
Spicy Habanero Sausage Bagel Breakfast Sandwich,,654.1,34.2,12.1,0.4,245.1,933.1,65.1,0,10,,23.6,TIM HORTONS,Breakfast Menu,,,,,,,,,,,
Steak & Egg Breakfast Sandwich,,512.3,27.1,13.9,0.5,246.9,1293.3,35.2,0,4.7,,26,TIM HORTONS,Breakfast Menu,,,,,,,,,,,
Sausage Breakfast Sandwich,,525.8,34.6,17.5,0.4,237.6,898.9,33.5,0,6.5,,17.9,TIM HORTONS,Breakfast Menu,,,,,,,,,,,
Bacon Breakfast Sandwich,,344.8,15.9,6.8,0.3,215.7,746.8,25.5,0,0.8,,18.1,TIM HORTONS,Breakfast Menu,,,,,,,,,,,
Egg & Cheese Breakfast Sandwich,,286.1,11.1,5.2,0.3,204.3,535.7,33.3,0,6.3,,14,TIM HORTONS,Breakfast Menu,,,,,,,,,,,
Sausage & Bacon Breakfast Sandwich,,584.5,39.3,19.1,0.4,249,1110,34.3,0,3.7,,23.5,TIM HORTONS,Breakfast Menu,,,,,,,,,,,
Farmer's Breakfast Sandwich,,669.1,43.1,17.8,0.5,240,1064.8,49.6,0,4.7,,21.5,TIM HORTONS,Breakfast Menu,,,,,,,,,,,
Grilled Breakfast Wrap,,524.9,33.3,11.7,0.4,239.5,722.6,37.2,0,3.3,,20.2,TIM HORTONS,Breakfast Menu,,,,,,,,,,,
Farmer's Breakfast Wrap,,642.6,39.3,12.2,0.5,240,944,52.4,0,4.1,,21.5,TIM HORTONS,Breakfast Menu,,,,,,,,,,,
Bagel BELT,,490,16.9,7,0.3,216.7,880.2,64.3,0,10.2,,23.4,TIM HORTONS,Breakfast Menu,,,,,,,,,,,
Simply Sausage Breakfast Sandwich,,396.5,24.9,12.7,0.2,33.9,635.1,32.3,0,3.2,,10.8,TIM HORTONS,Breakfast Menu,,,,,,,,,,,
Loaded Chili,,560,29,10,1,75,1440,44,0,10,,29,TIM HORTONS,Lunch,,,,,,,,,,,
Chicken Cilantro Lime Loaded Bowl,,530,28,3.5,0.2,65,1190,47,0,5,,26,TIM HORTONS,Lunch,,,,,,,,,,,
Chicken Habanero Loaded Bowl,,610,31.1,5.6,3,78.7,1264,45.3,0,5.4,,29.7,TIM HORTONS,Lunch,,,,,,,,,,,
Veggie Cilantro Lime Loaded Bowl,,540,30,3,0.2,5,1120,63,0,7,,11,TIM HORTONS,Lunch,,,,,,,,,,,
Veggie Habanero Loaded Bowl,,510,28,3,0.2,10,1160,61,0,7,,11,TIM HORTONS,Lunch,,,,,,,,,,,
Crispy Chicken Craveables,,404.4,17.8,5.3,0,54.4,979.3,36.1,0,3.6,,20,TIM HORTONS,Lunch,,,,,,,,,,,
Roast Beef Craveables,,410,18,5,0.3,55,990,36,0,3,,20,TIM HORTONS,Lunch,,,,,,,,,,,
Regular Roast Beef & Cheddar,,530,19,7,0.4,80,1190,58,0,7,,27,TIM HORTONS,Lunch,,,,,,,,,,,
Creamy Maple Pecan Dream Donut,,310,8,3.5,0.1,0,240,46,0,24,,4,TIM HORTONS,Donuts,,,,,,,,,,,
Pumpkin Spice Dream Donut,,360,20,9,0.1,10,240,43,0,25,,5,TIM HORTONS,Donuts,,,,,,,,,,,
Apple Fritter Donut,,307,7.8,3.4,0,0.3,284.1,52.6,0,18.9,,6.6,TIM HORTONS,Donuts,,,,,,,,,,,
Honey Cruller Donut,,279.4,18.3,9,0.3,49.3,1191.1,26.9,0,12.4,,1.7,TIM HORTONS,Donuts,,,,,,,,,,,
Honey Dip Donut,,223.9,5.7,2.4,0.1,0.2,193.2,39.2,0,19,,4.5,TIM HORTONS,Donuts,,,,,,,,,,,
Chocolate Glazed Donut,,282.2,13.6,6.2,0.1,7.2,205.2,37.2,0,19,,3.5,TIM HORTONS,Donuts,,,,,,,,,,,
Old Fashioned Plain Donut,,209.4,10.2,4.9,0.1,16.8,228.5,25.4,0,8.2,,3.4,TIM HORTONS,Donuts,,,,,,,,,,,
Maple Dip Donut,,201.9,5.7,2.4,0.1,0.2,193.1,33.7,0,14.1,,4.5,TIM HORTONS,Donuts,,,,,,,,,,,
Pumpkin Spice Muffin,,388,15.6,3.1,0.1,24,508.8,56.7,0,29.6,,6.3,TIM HORTONS,Baked Items,,,,,,,,,,,
Chocolate Chip Muffin,,414.2,15.7,5,0.3,37.1,401.7,62,0,36.1,,5.2,TIM HORTONS,Baked Items,,,,,,,,,,,
Wild Blueberry Muffin,,339.3,10.7,1.8,0.1,27.6,496.1,56.6,0,24.8,,5.2,TIM HORTONS,Baked Items,,,,,,,,,,,
Chocolate Croissant,,347.8,17.2,7.6,0.2,0,122.1,43.1,0,17.5,,5.6,TIM HORTONS,Baked Items,,,,,,,,,,,
Croissant,,323.9,20.4,10.3,0.4,23.8,276,25.4,0,3,,9.7,TIM HORTONS,Baked Items,,,,,,,,,,,
Plain Bagel,,290,2,0.4,0,0,397.2,58,0,4,,9,TIM HORTONS,Baked Items,,,,,,,,,,,
Everything Bagel,,297.2,2.8,0.6,0,0,385.5,59.7,0,5.9,,9.9,TIM HORTONS,Baked Items,,,,,,,,,,,
12 Grain Bagel,,334.5,9.4,1.3,0.1,0,459.8,55.4,0,8.5,,10.4,TIM HORTONS,Baked Items,,,,,,,,,,,
Four Cheese Bagel,,323.3,5.1,1.9,0.1,5.1,582.9,57.5,0,3.3,,12.1,TIM HORTONS,Baked Items,,,,,,,,,,,
Cinnamon Raisin Bagel,,300.3,2,0.3,0,0,350.2,62.7,0,11.2,,9.4,TIM HORTONS,Baked Items,,,,,,,,,,,
Sesame Seed Bagel,,297.2,2.8,0.6,0,0,406.2,59.8,0,4.5,,9.8,TIM HORTONS,Baked Items,,,,,,,,,,,
Black Forest Ham,216,260,4,1,0,20,720,43,4,6,,15,SUBWAY,Breakfast,,,,,,,,,,,
Grilled Chicken,226,260,4,1,0,30,650,40,5,6,,19,SUBWAY,Breakfast,,,,,,,,,,,
Sweet Onion Chicken Teriyaki,265,340,4,1,0,50,780,51,4,13,,23,SUBWAY,Breakfast,,,,,,,,,,,
Turkey Breast,217,260,4,1,0,30,700,42,5,6,,16,SUBWAY,Breakfast,,,,,,,,,,,
Veggie Delite®,162,200,2,0,0,0,320,39,4,5,,8,SUBWAY,Breakfast,,,,,,,,,,,
Chicken Bacon & Peppercorn Ranch (with Rotisserie-Style Chicken),265,450,21,7,0,75,1010,40,2,5,,32,SUBWAY,Regular Menu,,,,,,,,,,,
Cold Cut Combo,220,360,18,6,0,35,910,40,2,4,,16,SUBWAY,Breakfast,,,,,,,,,,,
Crispy Chicken (includes Smoky Honey Mustard),282,510,19,5,0,55,1260,62,3,7,,29,SUBWAY,Breakfast,,,,,,,,,,,
Crispy Chicken Bacon Peppercorn Ranch,314,580,25,7,0,70,1230,62,3,6,,34,SUBWAY,Regular Menu,,,,,,,,,,,
Italian B.M.T.®,209,340,15,6,0,40,1220,39,2,5,,17,SUBWAY,Breakfast,,,,,,,,,,,
Green Goddess Veggie (includes Smashed Avocado),226,400,21,4,0,5,730,44,6,7,,9,SUBWAY,Breakfast,,,,,,,,,,,
Green Goddess Rotisserie-Style Chicken (includes Smashed Avocado),301,500,27,6,0,60,1230,43,4,5,,28,SUBWAY,Regular Menu,,,,,,,,,,,
Maplewood Smoked Bacon & Ham   (includes Smoky Honey Mustard and Mayonnaise),240,450,21,7,0,55,1380,50,2,11,,21,SUBWAY,Regular Menu,,,,,,,,,,,
Meatball Marinara,206,410,17,7,1,45,1140,46,3,6,,23,SUBWAY,Breakfast,,,,,,,,,,,
Pizza Sub Melt,140,380,20,8,0,40,1470,39,2,5,,17,SUBWAY,Breakfast,,,,,,,,,,,
Smashed Avocado & Turkey (includes Mayonnaise),271,440,24,6,0,55,1010,43,4,5,,19,SUBWAY,Regular Menu,,,,,,,,,,,
Southwest Steak & Avocado (includes Southwest Chipotle Sauce),273,470,24,7,0,75,1210,42,4,5,,28,SUBWAY,Regular Menu,,,,,,,,,,,
Spicy Ranch Crispy Chicken,282,480,16,4,0,50,1380,61,3,6,,29,SUBWAY,Regular Menu,,,,,,,,,,,
Stampede BBQ Grilled Chicken,245,310,6,3,0,40,950,47,3,11,,22,SUBWAY,Regular Menu,,,,,,,,,,,
Steak & Cheese,161,310,10,5,0,50,1090,38,1,4,,23,SUBWAY,Breakfast,,,,,,,,,,,
Great Canadian Club (includes Smoky Honey Mustard),204,350,14,4,0,45,1070,41,2,6,,19,SUBWAY,Regular Menu,,,,,,,,,,,
Tuna (includes Mayonnaise),220,400,22,4,0,40,660,37,1,4,,19,SUBWAY,Breakfast,,,,,,,,,,,
B.L.T.,150,310,12,6,0,30,900,37,1,3,,18,SUBWAY,Breakfast,,,,,,,,,,,
Maplewood Smoked Bacon & Ham   (includes Smoky Honey Mustard and Light Mayonnaise Type Dressing),240,410,16,6,0,60,1410,51,2,11,,21,SUBWAY,Regular Menu,,,,,,,,,,,
Roast Beef,225,270,5,1,0,20,770,41,4,6,,18,SUBWAY,Breakfast,,,,,,,,,,,
Smashed Avocado & Turkey (includes Light Mayonnaise Type Dressing),271,390,18,5,0,60,1040,44,4,5,,19,SUBWAY,Regular Menu,,,,,,,,,,,
Spicy Crispy Chicken (includes Creamy Sriracha),282,480,16,4,0,50,1380,61,3,6,,29,SUBWAY,Breakfast,,,,,,,,,,,
Subway Club,234,280,5,1,0,30,830,43,4,6,,18,SUBWAY,Breakfast,,,,,,,,,,,
Tuna Salad (includes Light Mayonnaise Type Dressing),220,310,11,2,0,50,720,39,2,4,,19,SUBWAY,Breakfast,,,,,,,,,,,
"Turkey, Bacon & Avocado",262,380,14,4,0,40,1000,45,6,7,,20,SUBWAY,Regular Menu,,,,,,,,,,,
Veggie Patty,247,380,11,1,0,0,640,56,12,7,,14,SUBWAY,Snacks & Sides,,,,,,,,,,,
Black Forest Ham,135,160,3,1,0,10,410,28,3,4,,9,SUBWAY,Snacks & Sides,,,,,,,,,,,
Turkey Breast,141,170,3,1,0,20,440,27,3,4,,10,SUBWAY,Snacks & Sides,,,,,,,,,,,
Veggie Delite®,108,140,2,0,0,0,210,26,3,3,,5,SUBWAY,Snacks & Sides,,,,,,,,,,,
Crispy Chicken Sidekick (includes Smoky Honey Mustard),124,250,8,1,0,40,540,32,2,5,,13,SUBWAY,Regular Menu,,,,,,,,,,,
Honey Mustard Ham Sidekick,124,190,7,2,0,35,610,24,1,5,,8,SUBWAY,Regular Menu,,,,,,,,,,,
Italian Aioli Sidekick (includes Garlic Aioli and Sub Sauce),105,280,17,5,0,45,840,23,2,5,,9,SUBWAY,Regular Menu,,,,,,,,,,,
Savoury Ranch Turkey Sidekick,109,190,7,2,0,40,550,23,2,4,,9,SUBWAY,Regular Menu,,,,,,,,,,,
Spicy Crispy Chicken Sidekick (includes Creamy Sriracha)**,124,240,7,1,0,35,590,32,2,4,,13,SUBWAY,Regular Menu,,,,,,,,,,,
Spicy Ranch Crispy Chicken Sidekick,129,270,10,2,0,40,580,32,2,4,,13,SUBWAY,Regular Menu,,,,,,,,,,,
Black Forest Ham,341,110,3,1,0,20,480,13,4,5,,10,SUBWAY,Regular Menu,,,,,,,,,,,
Grilled Chicken,351,110,2,1,0,30,410,10,5,5,,14,SUBWAY,Regular Menu,,,,,,,,,,,
Sweet Onion Chicken Teriyaki,408,220,3,1,0,50,610,30,4,20,,18,SUBWAY,Regular Menu,,,,,,,,,,,
Turkey Breast,342,110,3,1,0,30,450,12,4,5,,11,SUBWAY,Regular Menu,,,,,,,,,,,
Veggie Delite®,287,50,1,0,0,0,75,9,4,5,,3,SUBWAY,Regular Menu,,,,,,,,,,,
Chicken Bacon & Peppercorn Ranch,410,410,28,8,0,85,830,13,4,6,,28,SUBWAY,Regular Menu,,,,,,,,,,,
Cold Cut Combo,351,240,17,6,0,35,620,12,5,5,,12,SUBWAY,Regular Menu,,,,,,,,,,,
Crispy Chicken (includes Smoky Honey Mustard),442,400,18,4,0,55,980,35,5,8,,25,SUBWAY,Regular Menu,,,,,,,,,,,
Green Goddess Veggie (includes Smashed Avocado),345,210,17,3,0,10,480,14,6,6,,4,SUBWAY,Regular Menu,,,,,,,,,,,
Italian B.M.T.®,341,220,15,5,0,40,930,12,4,6,,12,SUBWAY,Regular Menu,,,,,,,,,,,
Meatball Marinara,429,310,17,7,1,45,870,22,6,9,,20,SUBWAY,Regular Menu,,,,,,,,,,,
Pizza Sub Melt,362,270,19,8,0,40,1190,15,5,8,,13,SUBWAY,Regular Menu,,,,,,,,,,,
Steak & Cheese,370,200,9,4,0,50,810,13,4,7,,19,SUBWAY,Regular Menu,,,,,,,,,,,
Tuna (includes Mayonnaise),358,280,21,4,0,40,380,10,4,5,,14,SUBWAY,Regular Menu,,,,,,,,,,,
B.L.T.,317,200,12,5,0,30,620,11,4,5,,14,SUBWAY,Regular Menu,,,,,,,,,,,
Roast Beef,344,110,3,1,0,20,480,12,4,5,,12,SUBWAY,Regular Menu,,,,,,,,,,,
Spicy Crispy Chicken (includes Creamy Sriracha),442,360,15,4,0,50,1100,34,5,7,,25,SUBWAY,Regular Menu,,,,,,,,,,,
Subway Club,359,130,4,1,0,30,580,13,4,6,,13,SUBWAY,Regular Menu,,,,,,,,,,,
Tuna Salad (includes Light Mayonnaise Type Dressing),358,190,11,2,0,50,440,12,4,5,,14,SUBWAY,Regular Menu,,,,,,,,,,,
Turkey Bacon Avocado,387,230,13,4,0,40,760,15,6,6,,15,SUBWAY,Regular Menu,,,,,,,,,,,
Veggie Patty,372,220,10,1,0,0,390,26,12,7,,9,SUBWAY,Regular Menu,,,,,,,,,,,
Crispy Chicken Bacon Peppercorn Ranch Rice Bowl,434,810,35,9,0,80,1420,91,6,5,,34,SUBWAY,Regular Menu,,,,,,,,,,,
Green Goddess Veggie Rice Bowl,367,690,40,8,0,25,1250,73,7,5,,12,SUBWAY,Regular Menu,,,,,,,,,,,
Southwest Steak & Avocado Rice Bowl,399,620,26,7,1,55,1390,73,7,5,,25,SUBWAY,Regular Menu,,,,,,,,,,,
Sweet Onion Chicken Teriyaki Rice Bowl,375,470,6,2,0,50,950,82,5,14,,23,SUBWAY,Regular Menu,,,,,,,,,,,
Crispy Chicken Bacon Peppercorn Ranch Rice Wrap,465,930,33,8,0,70,1750,119,7,6,,40,SUBWAY,Regular Menu,,,,,,,,,,,
Green Goddess Veggie Rice Wrap,384,760,33,7,0,20,1390,100,8,5,,18,SUBWAY,Regular Menu,,,,,,,,,,,
Southwest Steak & Avocado Rice Wrap,445,820,32,8,1,55,1820,102,8,7,,31,SUBWAY,Regular Menu,,,,,,,,,,,
Sweet Onion Chicken Teriyaki Rice Wrap,406,640,12,2,0,50,1320,105,6,10,,28,SUBWAY,Regular Menu,,,,,,,,,,,
Egg & Bacon English Muffin,158,340,18,5,0,237,790,27,2,2,,17,SUBWAY,Regular Menu,,,,,,,,,,,
Egg & Cheese English Muffin,153,310,16,5,0,230,700,26,2,2,,16,SUBWAY,Regular Menu,,,,,,,,,,,
Egg & Ham English Muffin,162,320,16,5,0,235,770,27,2,3,,17,SUBWAY,Regular Menu,,,,,,,,,,,
Egg & Sausage English Muffin,182,410,25,8,0,250,900,27,2,3,,19,SUBWAY,Regular Menu,,,,,,,,,,,
Egg & Bacon,227,500,31,8,0,255,1100,39,2,4,,22,SUBWAY,Breakfast,,,,,,,,,,,
Egg & Cheese,217,450,27,7,0,240,920,39,2,4,,18,SUBWAY,Breakfast,,,,,,,,,,,
Egg & Ham,244,480,28,7,0,250,1120,41,2,5,,21,SUBWAY,Breakfast,,,,,,,,,,,
Egg & Sausage,274,650,45,13,0,280,1320,40,2,5,,25,SUBWAY,Breakfast,,,,,,,,,,,
Egg & Bacon,264,640,37,8,0,255,1330,55,3,4,,23,SUBWAY,Regular Menu,,,,,,,,,,,
Egg & Cheese,254,590,33,7,0,240,1150,55,3,4,,19,SUBWAY,Regular Menu,,,,,,,,,,,
Egg & Ham,281,620,34,7,0,250,1350,57,3,5,,23,SUBWAY,Regular Menu,,,,,,,,,,,
Egg & Sausage,311,790,51,13,0,280,1540,56,3,5,,27,SUBWAY,Regular Menu,,,,,,,,,,,
Egg & Bacon Sidekick,135,350,23,5,0,270,680,23,2,4,,14,SUBWAY,Regular Menu,,,,,,,,,,,
Egg & Cheese Sidekick,130,330,21,5,0,265,590,23,2,4,,12,SUBWAY,Regular Menu,,,,,,,,,,,
Egg & Ham Sidekick,135,330,21,5,0,270,620,23,2,4,,13,SUBWAY,Regular Menu,,,,,,,,,,,
Egg & Sausage Sidekick,158,430,30,8,0,285,780,23,2,4,,16,SUBWAY,Regular Menu,,,,,,,,,,,
